feature,importance
PS_pct_change,0.1765281402412512
PS_diff,0.17549772484568918
PS_local_z,0.13413920320700026
PS_rolling_std_6,0.12301735512822193
PS,0.09709809731798993
T2M_PS_difference,0.033546292258020645
PS_rolling_mean_6,0.031260140414435596
T2M_PS_ratio,0.019888516280112987
RH2M_rolling_std_6,0.01908883515218854
T2M,0.01856386043082273
T2M_rolling_std_6,0.016484226103380736
RH2M_rolling_mean_6,0.015713309806741405
T2M_RH2M_ratio,0.01558856792189589
T2M_rolling_mean_6,0.015569927143635412
RH2M_diff,0.014954887375117725
T2M_local_z,0.01471324560629994
RH2M_pct_change,0.014156996821367368
RH2M_local_z,0.013987006487980484
RH2M,0.012803097616594067
T2M_pct_change,0.012487254927602979
T2M_RH2M_difference,0.012458862812083917
T2M_diff,0.012454452101567063
