station,records,anomalies,anomaly_rate
ambalavayal_agro,744,77,10.349462365591398
baghmara,744,76,10.21505376344086
barapani,744,58,7.795698924731183
bikaner,744,61,8.198924731182796
chalakudy,744,64,8.60215053763441
chittorgarh,744,78,10.483870967741936
churu,744,88,11.827956989247312
goalpara,744,70,9.408602150537634
golaghat,744,68,9.13978494623656
guwahati,744,62,8.333333333333332
hailakandi,744,63,8.46774193548387
halflong,744,88,11.827956989247312
jaipur,744,76,10.21505376344086
jaisalmer,744,75,10.080645161290322
jodhpur,744,73,9.811827956989246
jorhat_agro,744,47,6.317204301075269
jowai,744,66,8.870967741935484
kanjikkuzhy,744,72,9.67741935483871
khanapara,744,70,9.408602150537634
kokrajhar,744,62,8.333333333333332
mangaldai,744,57,7.661290322580645
mawsynram,744,53,7.123655913978495
mazbat,744,55,7.39247311827957
mohanbari,744,58,7.795698924731183
morigaon,744,45,6.048387096774194
nongstoin,744,53,7.123655913978495
north_lakhimpur,744,54,7.258064516129033
padinjarathara,744,57,7.661290322580645
pali,744,49,6.586021505376344
peringalkuthu,744,48,6.451612903225806
pilani,744,42,5.64516129032258
rangia,744,56,7.526881720430108
shillong,744,46,6.182795698924731
sikar,744,44,5.913978494623656
silchar,744,49,6.586021505376344
sohra,744,42,5.64516129032258
sriganganagar,744,55,7.39247311827957
tinsukia,744,54,7.258064516129033
tura,744,59,7.93010752688172
vellayani,744,62,8.333333333333332
williamnagar,744,46,6.182795698924731
