station,sensor,health_score,status,anomaly_rate,average_severity,fault_confidence,local_deviation,volatility,recovery_rate,dominant_fault,records
"('north_lakhimpur',)",RH2M,84.66,HEALTHY,0.539,0.0038,60.49,2.0,5.0,0.135,stuck,742
"('jowai',)",RH2M,84.84,HEALTHY,0.27,0.0019,50.01,2.0,5.0,0.135,stuck,742
"('pali',)",RH2M,84.89,HEALTHY,0.27,0.0019,53.63,1.989,5.0,0.135,stuck,742
"('silchar',)",RH2M,84.92,HEALTHY,0.135,0.0009,48.54,2.0,5.0,0.135,stuck,742
"('vellayani',)",RH2M,84.95,HEALTHY,0.27,0.0019,50.27,1.9773,5.0,0.135,stuck,742
"('jaisalmer',)",T2M,84.99,HEALTHY,0.27,0.0019,50.79,2.0,2.4232,0.135,stuck,742
"('ambalavayal_agro',)",RH2M,85.0,HEALTHY,0.0,0.0,0.0,2.0,5.0,0.0,normal,742
"('baghmara',)",RH2M,85.0,HEALTHY,0.0,0.0,0.0,2.0,5.0,0.0,normal,742
"('barapani',)",RH2M,85.0,HEALTHY,0.0,0.0,0.0,2.0,5.0,0.0,normal,742
"('chalakudy',)",RH2M,85.0,HEALTHY,0.0,0.0,0.0,2.0,5.0,0.0,normal,742
"('goalpara',)",RH2M,85.0,HEALTHY,0.0,0.0,0.0,2.0,5.0,0.0,normal,742
"('golaghat',)",RH2M,85.0,HEALTHY,0.0,0.0,0.0,2.0,5.0,0.0,normal,742
"('guwahati',)",RH2M,85.0,HEALTHY,0.0,0.0,0.0,2.0,5.0,0.0,normal,742
"('hailakandi',)",RH2M,85.0,HEALTHY,0.0,0.0,0.0,2.0,5.0,0.0,normal,742
"('halflong',)",RH2M,85.0,HEALTHY,0.0,0.0,0.0,2.0,5.0,0.0,normal,742
"('jaipur',)",RH2M,85.0,HEALTHY,0.0,0.0,0.0,2.0,5.0,0.0,normal,742
"('jodhpur',)",RH2M,85.0,HEALTHY,0.0,0.0,0.0,2.0,5.0,0.0,normal,742
"('jorhat_agro',)",RH2M,85.0,HEALTHY,0.0,0.0,0.0,2.0,5.0,0.0,normal,742
"('khanapara',)",RH2M,85.0,HEALTHY,0.0,0.0,0.0,2.0,5.0,0.0,normal,742
"('kokrajhar',)",RH2M,85.0,HEALTHY,0.0,0.0,0.0,2.0,5.0,0.0,normal,742
"('mangaldai',)",RH2M,85.0,HEALTHY,0.0,0.0,0.0,2.0,5.0,0.0,normal,742
"('mawsynram',)",RH2M,85.0,HEALTHY,0.0,0.0,0.0,2.0,5.0,0.0,normal,742
"('mohanbari',)",RH2M,85.0,HEALTHY,0.0,0.0,0.0,2.0,5.0,0.0,normal,742
"('morigaon',)",RH2M,85.0,HEALTHY,0.0,0.0,0.0,2.0,5.0,0.0,normal,742
"('nongstoin',)",RH2M,85.0,HEALTHY,0.0,0.0,0.0,2.0,5.0,0.0,normal,742
"('padinjarathara',)",RH2M,85.0,HEALTHY,0.0,0.0,0.0,2.0,5.0,0.0,normal,742
"('pali',)",T2M,85.0,HEALTHY,0.0,0.0,0.0,2.0,2.7199,0.0,normal,742
"('peringalkuthu',)",RH2M,85.0,HEALTHY,0.0,0.0,0.0,2.0,5.0,0.0,normal,742
"('pilani',)",RH2M,85.0,HEALTHY,0.0,0.0,0.0,2.0,5.0,0.0,normal,742
"('rangia',)",RH2M,85.0,HEALTHY,0.0,0.0,0.0,2.0,5.0,0.0,normal,742
"('shillong',)",RH2M,85.0,HEALTHY,0.0,0.0,0.0,2.0,5.0,0.0,normal,742
"('sikar',)",RH2M,85.0,HEALTHY,0.0,0.0,0.0,2.0,5.0,0.0,normal,742
"('sohra',)",RH2M,85.0,HEALTHY,0.0,0.0,0.0,2.0,5.0,0.0,normal,742
"('sriganganagar',)",RH2M,85.0,HEALTHY,0.0,0.0,0.0,2.0,5.0,0.0,normal,742
"('tinsukia',)",RH2M,85.0,HEALTHY,0.0,0.0,0.0,2.0,5.0,0.0,normal,742
"('tura',)",RH2M,85.0,HEALTHY,0.0,0.0,0.0,2.0,5.0,0.0,normal,742
"('williamnagar',)",RH2M,85.0,HEALTHY,0.0,0.0,0.0,2.0,5.0,0.0,normal,742
"('chittorgarh',)",T2M,85.18,HEALTHY,0.0,0.0,0.0,1.9643,2.8907,0.0,normal,742
"('mazbat',)",RH2M,85.2,HEALTHY,0.0,0.0,0.0,1.9605,5.0,0.0,normal,742
"('bikaner',)",RH2M,85.25,HEALTHY,0.0,0.0,0.0,1.9495,5.0,0.0,normal,742
"('pilani',)",T2M,85.27,HEALTHY,0.135,0.0011,63.15,1.9661,2.4097,0.135,drop,742
"('chittorgarh',)",RH2M,85.29,HEALTHY,0.0,0.0,0.0,1.9422,5.0,0.0,normal,742
"('jodhpur',)",T2M,85.29,HEALTHY,0.0,0.0,0.0,1.9734,2.4239,0.0,normal,742
"('jaipur',)",T2M,85.31,HEALTHY,0.0,0.0,0.0,1.9374,2.501,0.0,normal,742
"('jaisalmer',)",RH2M,85.32,HEALTHY,0.0,0.0,0.0,1.9361,4.4581,0.0,normal,742
"('sikar',)",T2M,85.32,HEALTHY,0.0,0.0,0.0,2.0,2.3409,0.0,normal,742
"('churu',)",RH2M,85.37,HEALTHY,0.0,0.0,0.0,1.9261,5.0,0.0,normal,742
"('kanjikkuzhy',)",RH2M,85.38,HEALTHY,0.0,0.0,0.0,1.9231,3.5866,0.0,normal,742
"('churu',)",T2M,85.41,HEALTHY,0.135,0.0009,56.58,1.9544,2.371,0.135,stuck,742
"('tura',)",T2M,85.48,HEALTHY,0.809,0.007,67.07,2.0,1.9825,0.27,spike,742
"('sriganganagar',)",T2M,85.5,HEALTHY,0.0,0.0,0.0,1.902,2.4966,0.0,normal,742
"('bikaner',)",T2M,85.57,HEALTHY,0.0,0.0,0.0,1.9368,2.3742,0.0,normal,742
"('hailakandi',)",T2M,85.7,HEALTHY,0.27,0.0024,62.5,1.9851,2.0943,0.135,spike,742
"('khanapara',)",T2M,85.7,HEALTHY,0.0,0.0,0.0,1.9654,2.2368,0.0,normal,742
"('williamnagar',)",T2M,85.72,HEALTHY,0.135,0.0012,46.55,2.0,2.0984,0.135,spike,742
"('morigaon',)",T2M,85.87,HEALTHY,0.0,0.0,0.0,1.9892,2.094,0.0,normal,742
"('silchar',)",T2M,85.89,HEALTHY,0.404,0.0028,59.62,1.9816,1.9765,0.135,stuck,742
"('baghmara',)",T2M,85.95,HEALTHY,0.539,0.0038,61.79,2.0,1.8521,0.135,stuck,742
"('padinjarathara',)",T2M,86.03,HEALTHY,0.0,0.0,0.0,1.9762,2.045,0.0,normal,742
"('halflong',)",T2M,86.04,HEALTHY,0.0,0.0,0.0,1.9551,2.0911,0.0,normal,742
"('goalpara',)",T2M,86.09,HEALTHY,0.674,0.0047,74.33,2.0,1.7371,0.27,stuck,742
"('jowai',)",T2M,86.11,HEALTHY,0.0,0.0,0.0,2.0,1.9429,0.0,normal,742
"('ambalavayal_agro',)",T2M,86.25,HEALTHY,0.135,0.0009,51.51,1.9635,1.9294,0.135,stuck,742
"('nongstoin',)",T2M,86.26,HEALTHY,0.135,0.0008,56.88,2.0,1.8321,0.135,drift,742
"('barapani',)",T2M,86.28,HEALTHY,0.0,0.0,0.0,2.0,1.859,0.0,normal,742
"('golaghat',)",T2M,86.31,HEALTHY,0.27,0.0019,77.75,2.0,1.7575,0.135,stuck,742
"('mazbat',)",T2M,86.37,HEALTHY,0.539,0.0038,55.63,1.9324,1.8218,0.404,drift,742
"('mawsynram',)",T2M,86.38,HEALTHY,0.0,0.0,0.0,2.0,1.81,0.0,normal,742
"('sohra',)",T2M,86.4,HEALTHY,0.0,0.0,0.0,2.0,1.8006,0.0,normal,742
"('shillong',)",T2M,86.44,HEALTHY,0.0,0.0,0.0,2.0,1.7816,0.0,normal,742
"('mohanbari',)",T2M,86.47,HEALTHY,0.135,0.0009,65.9,2.0,1.723,0.135,stuck,742
"('jorhat_agro',)",T2M,86.49,HEALTHY,0.135,0.0008,48.88,2.0,1.7188,0.135,drift,742
"('kokrajhar',)",T2M,86.5,HEALTHY,0.27,0.0022,74.9,1.9733,1.7261,0.135,drop,742
"('peringalkuthu',)",T2M,86.57,HEALTHY,0.404,0.0028,74.98,1.9484,1.7121,0.135,stuck,742
"('guwahati',)",T2M,86.58,HEALTHY,0.0,0.0,0.0,2.0,1.7115,0.0,normal,742
"('tinsukia',)",T2M,86.59,HEALTHY,0.0,0.0,0.0,2.0,1.7055,0.0,normal,742
"('chalakudy',)",T2M,86.76,HEALTHY,0.0,0.0,0.0,1.929,1.7971,0.0,normal,742
"('rangia',)",T2M,86.76,HEALTHY,0.0,0.0,0.0,1.9389,1.7704,0.0,normal,742
"('mangaldai',)",T2M,86.78,HEALTHY,0.135,0.0009,57.57,1.9325,1.7376,0.135,stuck,742
"('north_lakhimpur',)",T2M,86.84,HEALTHY,0.135,0.0009,69.92,2.0,1.5399,0.135,stuck,742
"('vellayani',)",T2M,88.26,HEALTHY,0.0,0.0,0.0,1.8881,1.1486,0.0,normal,742
"('jodhpur',)",PS,88.61,HEALTHY,1.213,0.0102,72.18,2.0,0.2823,0.539,drop,742
"('baghmara',)",PS,88.93,HEALTHY,0.943,0.0065,62.6,2.0,0.2497,0.809,drift,742
"('kanjikkuzhy',)",T2M,88.98,HEALTHY,0.0,0.0,0.0,1.9119,0.7301,0.0,normal,742
"('nongstoin',)",PS,88.98,HEALTHY,0.943,0.007,75.02,2.0,0.2024,0.674,drop,742
"('kokrajhar',)",PS,88.99,HEALTHY,0.943,0.0074,73.02,2.0,0.2028,0.943,stuck,742
"('tura',)",PS,89.08,HEALTHY,0.539,0.0049,91.94,2.0,0.2576,0.135,spike,742
"('halflong',)",PS,89.12,HEALTHY,0.539,0.0032,78.73,2.0,0.2686,0.135,drift,742
"('mangaldai',)",PS,89.15,HEALTHY,0.539,0.0046,81.25,2.0,0.2398,0.404,spike,742
"('morigaon',)",PS,89.16,HEALTHY,0.674,0.0051,75.25,2.0,0.201,0.539,drop,742
"('jaipur',)",PS,89.22,HEALTHY,0.539,0.0032,72.59,2.0,0.2205,0.27,drift,742
"('sriganganagar',)",PS,89.22,HEALTHY,0.27,0.002,73.79,2.0,0.3024,0.27,spike,742
"('chittorgarh',)",PS,89.28,HEALTHY,0.674,0.0049,68.81,1.9762,0.2093,0.539,drift,742
"('jaisalmer',)",PS,89.28,HEALTHY,0.27,0.0024,78.72,2.0,0.2691,0.27,spike,742
"('williamnagar',)",PS,89.28,HEALTHY,0.404,0.0032,78.49,2.0,0.2227,0.27,drop,742
"('churu',)",PS,89.37,HEALTHY,0.0,0.0,0.0,2.0,0.317,0.0,normal,742
"('shillong',)",PS,89.39,HEALTHY,0.404,0.0034,79.72,2.0,0.1711,0.404,drop,742
"('mawsynram',)",PS,89.47,HEALTHY,0.27,0.0019,67.93,2.0,0.1846,0.27,drift,742
"('goalpara',)",PS,89.5,HEALTHY,0.0,0.0,0.0,2.0,0.2503,0.0,normal,742
"('mohanbari',)",PS,89.51,HEALTHY,0.404,0.0034,79.51,1.958,0.2169,0.404,spike,742
"('north_lakhimpur',)",PS,89.52,HEALTHY,0.539,0.0046,74.87,1.9252,0.2449,0.404,spike,742
"('pali',)",PS,89.59,HEALTHY,0.0,0.0,0.0,2.0,0.2039,0.0,normal,742
"('khanapara',)",PS,89.61,HEALTHY,0.27,0.0024,63.72,1.9653,0.1943,0.27,spike,742
"('jowai',)",PS,89.64,HEALTHY,0.0,0.0,0.0,2.0,0.18,0.0,normal,742
"('tinsukia',)",PS,89.67,HEALTHY,0.539,0.0035,48.28,1.9214,0.2017,0.135,drift,742
"('bikaner',)",PS,89.7,HEALTHY,0.404,0.0024,53.74,1.9503,0.1562,0.27,drift,742
"('rangia',)",PS,89.7,HEALTHY,0.0,0.0,0.0,1.9921,0.1689,0.0,normal,742
"('sohra',)",PS,89.77,HEALTHY,0.539,0.0038,74.46,1.9213,0.1383,0.404,drift,742
"('mazbat',)",PS,89.82,HEALTHY,0.0,0.0,0.0,1.9569,0.198,0.0,normal,742
"('silchar',)",PS,89.94,HEALTHY,0.135,0.0009,64.23,1.9271,0.1728,0.135,stuck,742
"('ambalavayal_agro',)",PS,90.06,EXCELLENT,0.0,0.0,0.0,1.8939,0.2355,0.0,normal,742
"('barapani',)",PS,90.13,EXCELLENT,0.27,0.0016,61.37,1.8853,0.1426,0.135,drift,742
"('guwahati',)",PS,90.25,EXCELLENT,0.0,0.0,0.0,1.9004,0.123,0.0,normal,742
"('padinjarathara',)",PS,90.32,EXCELLENT,0.0,0.0,0.0,1.8527,0.2072,0.0,normal,742
"('peringalkuthu',)",PS,90.34,EXCELLENT,0.0,0.0,0.0,1.8381,0.2361,0.0,normal,742
"('sikar',)",PS,90.43,EXCELLENT,0.0,0.0,0.0,1.8606,0.132,0.0,normal,742
"('vellayani',)",PS,90.63,EXCELLENT,0.539,0.0032,61.47,1.7271,0.2117,0.539,drift,742
"('hailakandi',)",PS,90.78,EXCELLENT,0.27,0.0019,58.21,1.7608,0.1279,0.27,stuck,742
"('kanjikkuzhy',)",PS,90.8,EXCELLENT,0.27,0.0016,51.29,1.7306,0.1962,0.135,drift,742
"('chalakudy',)",PS,91.02,EXCELLENT,0.0,0.0,0.0,1.7303,0.1653,0.0,normal,742
"('pilani',)",PS,91.13,EXCELLENT,0.0,0.0,0.0,1.7255,0.1216,0.0,normal,742
"('golaghat',)",PS,91.14,EXCELLENT,0.135,0.0009,64.26,1.7097,0.1143,0.135,stuck,742
"('jorhat_agro',)",PS,91.15,EXCELLENT,0.27,0.002,63.44,1.6964,0.0994,0.27,drift,742
