station,station_health_score,minimum_sensor_health,average_anomaly_rate,sensor_count,status
"('jodhpur',)",86.3,85.0,0.4043333333333334,3,HEALTHY
"('pali',)",86.49,84.89,0.09000000000000001,3,HEALTHY
"('jaipur',)",86.51,85.0,0.17966666666666667,3,HEALTHY
"('tura',)",86.52,85.0,0.44933333333333336,3,HEALTHY
"('jaisalmer',)",86.53,84.99,0.18000000000000002,3,HEALTHY
"('sriganganagar',)",86.57,85.0,0.09000000000000001,3,HEALTHY
"('chittorgarh',)",86.58,85.18,0.22466666666666668,3,HEALTHY
"('baghmara',)",86.63,85.0,0.494,3,HEALTHY
"('williamnagar',)",86.67,85.0,0.17966666666666667,3,HEALTHY
"('morigaon',)",86.68,85.0,0.22466666666666668,3,HEALTHY
"('churu',)",86.72,85.37,0.045000000000000005,3,HEALTHY
"('halflong',)",86.72,85.0,0.17966666666666667,3,HEALTHY
"('nongstoin',)",86.75,85.0,0.3593333333333333,3,HEALTHY
"('khanapara',)",86.77,85.0,0.09000000000000001,3,HEALTHY
"('kokrajhar',)",86.83,85.0,0.4043333333333334,3,HEALTHY
"('bikaner',)",86.84,85.25,0.13466666666666668,3,HEALTHY
"('jowai',)",86.86,84.84,0.09000000000000001,3,HEALTHY
"('goalpara',)",86.86,85.0,0.22466666666666668,3,HEALTHY
"('sikar',)",86.92,85.0,0.0,3,HEALTHY
"('silchar',)",86.92,84.92,0.22466666666666668,3,HEALTHY
"('shillong',)",86.94,85.0,0.13466666666666668,3,HEALTHY
"('mawsynram',)",86.95,85.0,0.09000000000000001,3,HEALTHY
"('mangaldai',)",86.98,85.0,0.22466666666666668,3,HEALTHY
"('mohanbari',)",86.99,85.0,0.17966666666666667,3,HEALTHY
"('north_lakhimpur',)",87.01,84.66,0.4043333333333334,3,HEALTHY
"('sohra',)",87.06,85.0,0.17966666666666667,3,HEALTHY
"('tinsukia',)",87.09,85.0,0.17966666666666667,3,HEALTHY
"('ambalavayal_agro',)",87.1,85.0,0.045000000000000005,3,HEALTHY
"('padinjarathara',)",87.12,85.0,0.0,3,HEALTHY
"('mazbat',)",87.13,85.2,0.17966666666666667,3,HEALTHY
"('pilani',)",87.13,85.0,0.045000000000000005,3,HEALTHY
"('barapani',)",87.14,85.0,0.09000000000000001,3,HEALTHY
"('rangia',)",87.15,85.0,0.0,3,HEALTHY
"('hailakandi',)",87.16,85.0,0.18000000000000002,3,HEALTHY
"('guwahati',)",87.28,85.0,0.0,3,HEALTHY
"('peringalkuthu',)",87.3,85.0,0.13466666666666668,3,HEALTHY
"('golaghat',)",87.48,85.0,0.135,3,HEALTHY
"('jorhat_agro',)",87.55,85.0,0.135,3,HEALTHY
"('chalakudy',)",87.59,85.0,0.0,3,HEALTHY
"('vellayani',)",87.95,84.95,0.26966666666666667,3,HEALTHY
"('kanjikkuzhy',)",88.39,85.38,0.09000000000000001,3,HEALTHY
